id,name,description,image_url,kcals_per_serving
11,Shrimp,,,
12,Spaghetti,,,
13,Garlic,,,
14,Meyer Lemon,,,
15,Broccoli,,,
16,Butter,,,
17,Quark,,,
18,Crushed Red Pepper Flakes,,,
19,Egg Noodles,,,
20,Fontina Cheese,,,
21,Sunchokes,,,
22,Whole Mile,,,
23,Kale,,,
24,All-Purpose Flour,,,
25,Butter,,,
26,Shallot,,,
27,Casserole Spice Blend,,,
28,Cod Fillets,,,
29,Jasmine Rice,,,
30,Carrots,,,
31,Radishes,,,
32,Scallions,,,
33,Garlic,,,
34,Baby Kale,,,
35,Tempura Mix,,,
36,Rice Vinegar,,,
37,Golden Mountain Sauce,,,
38,Sambal Oelek,,,
39,Tamarind Concentrate,,,
40,Verjus Rouge,,,
41,Capers,,,
42,Crushed Red Pepper Flakes,,,
43,Ground Lamb & Beef Blend,,,
44,Cremini Mushrooms,,,
45,Scallions,,,
46,Russet Potatoes,,,
47,Celery,,,
48,Chives,,,
49,Grated Parmesan Cheese,,,
50,Tomato Paste,,,
51,Soy Glaze,,,
52,Lamb & Beef Spice Blend,,,
53,"Boneless, Center-Cut Pork Chops",,,
54,Cracked Freekah,,,
55,Clementine,,,
56,Brussels Sprouts,,,
57,Piece Ginger,,,
58,Shallot,,,
59,Apple Cider Vinegar,,,
60,Sugar,,,
61,Pearl Couscous,,,
62,"Boneless, Skinless Chicken Breasts",,,
63,butter,,,
64,Blood Orange,,,
65,Broccoli,,,
66,Shallot,,,
67,"Boneless, Skinless Chicken Breasts",,,
68,Wooden Skewers,,,
69,Semi-Pearled Khorasan Wheat,,,
70,Garlic,,,
71,Persimmon,,,
72,Kale,,,
73,Red Wine Vinegar,,,
74,Red Harissa Paste,,,
75,Labneh Cheese,,,
76,Shrimp,,,
77,Bucatini Pasta,,,
78,Garlic,,,
79,Scallions,,,
80,Kale,,,
81,Lemon,,,
82,Butter,,,
83,Crushed Red Pepper Flakes,,,
84,Fettuccine Pasta,,,
85,Cremini Mushrooms,,,
86,Garlic,,,
87,Hakurei Turnips,,,
88,Fennel Bulb,,,
89,Parsley,,,
90,Butter,,,
91,Mascarpone Cheese,,,
92,Shallot,,,
93,Catfish Fillets,,,
94,Jasmine Rice,,,
95,Lime,,,
96,Kale,,,
97,Rice Flour,,,
98,Yellow Curry Paste,,,
99,Ginger,,,
100,Bird&#39;s Eye Chile,,,
101,Coconut Palm Sugar,,,
102,Ponzu Sauce,,,
103,Coconut Milk Powder,,,
104,Empanada Wrappers,,,
105,Monterey Jack Cheese,,,
106,Garlic,,,
107,Butternut Squash,,,
108,Green Tomato,,,
109,Lime,,,
110,Yellow Onion,,,
111,Cilantro,,,
112,Jalapeno Pepper,,,
113,Mexican Crema,,,
114,Mexican Spice Blend,,,
115,Skin-on Salmon Fillets,,,
116,Brussels Sprouts,,,
117,Granny Smith Apple,,,
118,Lemon,,,
119,Purple Top Turnip,,,
120,Yukon Gold Potato,,,
121,Parsley,,,
122,Butter,,,
123,Brown & Yellow Mustard Seeds,,,
124,Whole Wheat Rigatoni Pasta,,,
125,Fontina Cheese,,,
126,Milk,,,
127,Garlic,,,
128,Cone Cabbage,,,
129,Yukon Gold Potato,,,
130,Yellow Onion,,,
131,Sage,,,
132,All-Purpose Flour,,,
133,Butter,,,
134,Grated Parmesan Cheese,,,
135,Catfish Fillets,,,
136,White Basmati Rice,,,
137,Green Beans,,,
138,Garlic,,,
139,Lime,,,
140,Cilantro & Mint,,,
141,Golden Raisins,,,
142,Ginger,,,
143,Dried Coconut Flakes,,,
144,Curry Catfish Spice Blend,,,
145,Chutney Spice Blend,,,
146,Cod Fillets,,,
147,Garlic,,,
148,Shishito Peppers,,,
149,Ear Of Corn,,,
150,Purple Potatoes,,,
151,Oregano,,,
152,Butter,,,
153,Sherry Vinegar,,,
154,Shallot,,,
155,"Boneless, Center-Cut Pork Chops",,,
156,Semi-Pearled Farro,,,
157,Scallions,,,
158,Kale,,,
159,Ear Of Corn,,,
160,Plum,,,
161,Balsamic Vinegar,,,
162,Butter,,,
163,Sliced Almonds,,,
164,Slices Seven-Grain Bread,,,
165,Brie Cheese,,,
166,Strawberries,,,
167,Arugula,,,
168,Lemon,,,
169,Walnuts,,,
170,Butter,,,
171,Light Brown Sugar,,,
172,Whole Grain Dijon Mustard,,,
173,Balsamic Vinegar,,,
174,Eggs,,,
175,Pie Crusts,,,
176,Garlic,,,
177,Arugula,,,
178,Chard,,,
179,Pink Lemon,,,
180,Cremini Mushrooms,,,
181,Thyme,,,
182,Shallot,,,
183,Crumbled Goat Cheese,,,
184,Chicken Tenders,,,
185,Skin-on Salmon Fillets,,,
186,Fettuccine Pasta,,,
187,Kale,,,
188,Asparagus,,,
189,Rosemary,,,
190,Creme Fraiche,,,
191,Grated Parmesan Cheese,,,
192,Crushed Red Pepper Flakes,,,
193,Eggs,,,
194,Pie Crusts,,,
195,Garlic,,,
196,Spinach,,,
197,Red Leaf Lettuce,,,
198,Lemon,,,
199,Zucchini,,,
200,Shaved Parmesan Cheese,,,
201,Creme Fraiche,,,
202,Shallot,,,
203,"Boneless, Skinless Chicken Breasts",,,
204,Yukon Gold Potato,,,
205,Red Cabbage,,,
206,Creme Fraiche,,,
207,Red Wine Vinegar,,,
208,Chicken Demi-Glace,,,
209,Butter,,,
210,Sugar,,,
211,Alsatian Spice Blend,,,
212,Cracked Freekah,,,
213,Garlic,,,
214,Kale,,,
215,Lemon,,,
216,Mint,,,
217,Sliced Almonds,,,
218,Medjool Dates,,,
219,Labneh Cheese,,,
220,Salmon Spice Blend,,,
221,Plain Pizza Dough,,,
222,Crushed Tomatoes,,,
223,Fresh Mozzarella Cheese,,,
224,Part-Skim Ricotta Cheese,,,
225,White Button Mushrooms,,,
226,Garlic,,,
227,Collard Greens,,,
228,Semolina Flour,,,
229,Grated Parmesan Cheese,,,
230,Calzone Spice Blend,,,
231,Eggs,,,
232,Pie Crusts,,,
233,Garlic,,,
234,Pea Shoots,,,
235,Lemon,,,
236,English Peas,,,
237,Swiss Chard,,,
238,Shallot,,,
239,Sour Cream,,,
240,Crumbled Goat Cheese,,,
241,Shaved Parmesan Cheese,,,
242,Top Sirloin Steaks,,,
243,Garlic,,,
244,Kale,,,
245,Fingerling Potatoes,,,
246,Creme Fraiche,,,
247,Butter,,,
248,Beef Demi-Glace,,,
249,Coarsely Ground Black Pepper,,,
250,Grated Parmesan Cheese,,,
251,Skin-on Salmon Fillets,,,
252,Purple Potatoes,,,
253,Spinach,,,
254,Red Onion,,,
255,Walnuts,,,
256,Shallot,,,
257,Capers,,,
258,Red Wine Vinegar,,,
259,Grated Parmesan Cheese,,,
260,"Boneless, Skinless Chicken Thighs",,,
261,Yellow Grits,,,
262,Light Coconut Milk,,,
263,Garlic,,,
264,Collard Greens,,,
265,Lime,,,
266,Cilantro,,,
267,Dried Coconut Flakes,,,
268,Butter,,,
269,Trinidadian Curry Spice Blend,,,
270,Shrimp,,,
271,Spaghetti,,,
272,Green Cabbage,,,
273,Garlic,,,
274,Lemon,,,
275,Parsley,,,
276,Tomato Paste,,,
277,Butter,,,
278,Panko Breadcrumbs,,,
279,Crushed Red Pepper Flakes,,,
280,Fresh Beet Linguine Pasta,,,
281,Garlic,,,
282,Swiss Chard,,,
283,Lemon,,,
284,Yellow Onion,,,
285,Mint,,,
286,Walnuts,,,
287,Butter,,,
288,Grated Parmesan Cheese,,,
289,Crumbled Goat Cheese,,,
290,Dumpling Wrappers,,,
291,Tatsoi,,,
292,Napa Cabbage,,,
293,Shiitake Mushrooms,,,
294,Garlic,,,
295,Scallion,,,
296,Soy Sauce,,,
297,Butter,,,
298,Rice Vinegar,,,
299,Ginger,,,
300,Shrimp,,,
301,Jasmine Rice,,,
302,Carrot,,,
303,Cubed Pineapple,,,
304,Garlic,,,
305,Scallions,,,
306,Lime,,,
307,Soy Sauce,,,
308,Cashews,,,
309,Sambal Oelek,,,
310,Ground Chicken,,,
311,Polenta,,,
312,Whole Peeled Tomatoes,,,
313,Garlic,,,
314,Lacinato Kale,,,
315,Butter,,,
316,Whole Wheat Breadcrumbs,,,
317,Grated Parmesan Cheese,,,
318,Chicken Meatball Spice Blend,,,
319,Pork Roast,,,
320,Lemon,,,
321,Russet Potatoes,,,
322,Spinach,,,
323,Garlic Chives,,,
324,Castelvetrano Olives,,,
325,Sour Cream,,,
326,Baby Greens,,,
327,Cod Fillets,,,
328,Garlic,,,
329,Pink Lemon,,,
330,Russet Potatoes,,,
331,Shallot,,,
332,Roasted Almonds,,,
333,Red Wine Vinegar,,,
334,Smoky Cod Spice Blend,,,
335,Sugar,,,
336,Deglet Noor Dates,,,
337,Butter,,,
338,Penne Rigate Pasta,,,
339,Whole Peeled Tomatoes,,,
340,Fresh Mozzarella Cheese,,,
341,Garlic,,,
342,Carrots,,,
343,Tangelo,,,
344,Castelvetrano Olives,,,
345,Grated Parmesan Cheese,,,
346,Crushed Red Pepper Flakes,,,
347,Skin-on Salmon Fillets,,,
348,Cracked Freekah,,,
349,Garlic,,,
350,Lemon,,,
351,Kale,,,
352,Medjool Dates,,,
353,Labneh Cheese,,,
354,Plain Pizza Dough,,,
355,Tomato Sauce,,,
356,Oregano,,,
357,Garlic,,,
358,Green Bell Pepper,,,
359,Spinach,,,
360,Fresh Mozzarella Cheese,,,
361,Shallot,,,
362,Ricotta Salata Cheese,,,
363,Crushed Red Pepper Flakes,,,
364,Grated Parmesan Cheese,,,
365,Black Cerignola Olives,,,
366,Chicken,,,
367,Carrots,,,
368,Garlic,,,
369,Yukon Gold Potatoes,,,
370,White Wine Vinegar,,,
371,Italian Dressing Spice Blend,,,
372,Chickpeas,,,
373,Scallions,,,
374,Swiss Chard,,,
375,Garlic,,,
376,Pixie Mandarin,,,
377,Yukon Gold Potatoes,,,
378,Mayonnaise,,,
379,Roasted Almonds,,,
380,Tomato Paste,,,
381,Chickpea Stew Spice Blend,,,
382,Ground Pork,,,
383,Spaghetti,,,
384,Tomato Sauce,,,
385,Radishes,,,
386,Butter Lettuce,,,
387,Carrot,,,
388,Garlic,,,
389,Fromage Blanc,,,
390,Red Wine Vinegar,,,
391,Shallot,,,
392,Bolognese Spice Blend,,,
393,"Boneless, Skinless Chicken Breasts",,,
394,Pearl Couscous,,,
395,Garlic,,,
396,Pink Lemon,,,
397,Thyme,,,
398,Brussels Sprouts,,,
399,Butter,,,
400,Roasted Almonds,,,
401,Shallot,,,
402,Chicken Spice Blend,,,