4,bleachsquash,YWR2aXNvcmNhdGhlYWQ6YWR2aXNvcmNhdGhlYWQ=,bleachsquash@example.com,ROLE_USER,1,2016-08-30,,https://ibb.co/936yc2W,Christopher,Hernandez,"Raised in a small village full of large vegetables. Avid home cook, avid gardener. Ready to use up these treasures before they spoil."
5,frightenedadjust,YmxlYWNoc3F1YXNoOmJsZWFjaHNxdWFzaA==,frightenedadjust@example.com,ROLE_USER,1,1909-02-23,,https://ibb.co/PgP27B0,Jacqueline,Ortiz,I like beef.
6,meaningkneel,ZnJpZ2h0ZW5lZGFkanVzdDpmcmlnaHRlbmVkYWRqdXN0,meaningkneel@example.com,ROLE_USER,1,1903-01-02,,https://ibb.co/Vm9K0VB,Amy,Young,My sweet tooth means I'm here for dessert!
7,structureacrid,c3RydWN0dXJlYWNyaWQ6c3RydWN0dXJlYWNyaWQ=,structureacrid@example.com,ROLE_USER,1,2002-02-15,,https://ibb.co/sPqWMG9,Jean,Cox,We're makin' bacon!
8,frostedpickleball,ZnJvc3RlZHBpY2tsZWJhbGw6ZnJvc3RlZHBpY2tsZWJhbGw=,frostedpickleball@example.com,ROLE_USER,1,1927-03-23,,https://ibb.co/Hhqvb3P,Robert,Johnson,"Raised in a small village full of large vegetables. Avid home cook, avid gardener. Ready to use up these treasures before they spoil."
9,counselorpress,Y291bnNlbG9ycHJlc3M6Y291bnNlbG9ycHJlc3M=,counselorpress@example.com,ROLE_USER,1,1945-01-07,,https://ibb.co/qkxnVD8,Isabella,Price,I like beef.
10,pointlesshawse,cG9pbnRsZXNzaGF3c2U6cG9pbnRsZXNzaGF3c2U=,pointlesshawse@example.com,ROLE_USER,1,2020-02-19,,https://ibb.co/HKBCkqw,Noah,Morales,My sweet tooth means I'm here for dessert!
11,easterlydeltas,ZWFzdGVybHlkZWx0YXM6ZWFzdGVybHlkZWx0YXM=,easterlydeltas@example.com,ROLE_USER,1,1978-03-29,,https://ibb.co/p3N742S,Joan,Stewart,We're makin' bacon!
12,creamybattenburg,Y3JlYW15YmF0dGVuYnVyZzpjcmVhbXliYXR0ZW5idXJn,creamybattenburg@example.com,ROLE_USER,1,2022-06-08,,https://ibb.co/gStcb8v,Kathryn,Ramos,"Raised in a small village full of large vegetables. Avid home cook, avid gardener. Ready to use up these treasures before they spoil."
13,consistentshameless,Y29uc2lzdGVudHNoYW1lbGVzczpjb25zaXN0ZW50c2hhbWVsZXNz,consistentshameless@example.com,ROLE_USER,1,2006-02-08,,https://ibb.co/P6p1WTw,Henry,Parker,I like beef.
14,acquiredetermine,YWNxdWlyZWRldGVybWluZTphY3F1aXJlZGV0ZXJtaW5l,acquiredetermine@example.com,ROLE_USER,1,1970-04-26,,https://ibb.co/xY17FfS,Jason,Ramirez,My sweet tooth means I'm here for dessert!
15,weakglobe,d2Vha2dsb2JlOndlYWtnbG9iZQ==,weakglobe@example.com,ROLE_USER,1,1975-08-20,,https://ibb.co/0BfQpzN,Adam,Turner,We're makin' bacon!
16,admitfairlead,YWRtaXRmYWlybGVhZDphZG1pdGZhaXJsZWFk,admitfairlead@example.com,ROLE_USER,1,1950-05-28,,https://ibb.co/2n78wtb,Jesse,Kim,"Raised in a small village full of large vegetables. Avid home cook, avid gardener. Ready to use up these treasures before they spoil."
17,quietoccasionally,cXVpZXRvY2Nhc2lvbmFsbHk6cXVpZXRvY2Nhc2lvbmFsbHk=,quietoccasionally@example.com,ROLE_USER,1,1982-10-07,,https://ibb.co/856S5JX,Nicholas,Allen,I like beef.
18,analysiswhat,YW5hbHlzaXN3aGF0OmFuYWx5c2lzd2hhdA==,analysiswhat@example.com,ROLE_USER,1,1965-11-28,,https://ibb.co/QPXH5Yd,Roger,Gutierrez,My sweet tooth means I'm here for dessert!
19,illfateddna,aWxsZmF0ZWRkbmE6aWxsZmF0ZWRkbmE=,illfateddna@example.com,ROLE_USER,1,1961-02-28,,https://ibb.co/nPvtXHr,George,White,We're makin' bacon!
20,obstinacypost,b2JzdGluYWN5cG9zdDpvYnN0aW5hY3lwb3N0,obstinacypost@example.com,ROLE_USER,1,1919-01-15,,https://ibb.co/SmTKSpg,Betty,Gonzales,"Raised in a small village full of large vegetables. Avid home cook, avid gardener. Ready to use up these treasures before they spoil."
21,alembicstudious,YWxlbWJpY3N0dWRpb3VzOmFsZW1iaWNzdHVkaW91cw==,alembicstudious@example.com,ROLE_USER,1,1937-11-22,,https://ibb.co/BsZL8jQ,Russell,Myers,I like beef.
22,teacherright,dGVhY2hlcnJpZ2h0OnRlYWNoZXJyaWdodA==,teacherright@example.com,ROLE_USER,1,1995-01-02,,https://ibb.co/1ZS4CzD,Randy,Price,My sweet tooth means I'm here for dessert!
23,operateneed,b3BlcmF0ZW5lZWQ6b3BlcmF0ZW5lZWQ=,operateneed@example.com,ROLE_USER,1,2004-07-11,,https://ibb.co/8K70KPv,Debra,Baker,We're makin' bacon!
24,statementpolitician,c3RhdGVtZW50cG9saXRpY2lhbjpzdGF0ZW1lbnRwb2xpdGljaWFu,statementpolitician@example.com,ROLE_USER,1,1923-10-12,,https://ibb.co/zNxKpW8,Catherine,Mitchell,"Raised in a small village full of large vegetables. Avid home cook, avid gardener. Ready to use up these treasures before they spoil."
25,shakesquirrel,c2hha2VzcXVpcnJlbDpzaGFrZXNxdWlycmVs,shakesquirrel@example.com,ROLE_USER,1,1927-04-17,,https://ibb.co/Y3KgLdn,Alexis,Foster,I like beef.
26,percentageskit,cGVyY2VudGFnZXNraXQ6cGVyY2VudGFnZXNraXQ=,percentageskit@example.com,ROLE_USER,1,1934-02-25,,https://ibb.co/RDphsdc,Sarah,Rodriguez,My sweet tooth means I'm here for dessert!
27,constructclothe,Y29uc3RydWN0Y2xvdGhlOmNvbnN0cnVjdGNsb3RoZQ==,constructclothe@example.com,ROLE_USER,1,1957-10-25,,https://ibb.co/x5S0chY,Barbara,Garcia,We're makin' bacon!
28,chewbinnacle,Y2hld2Jpbm5hY2xlOmNoZXdiaW5uYWNsZQ==,chewbinnacle@example.com,ROLE_USER,1,1984-09-19,,https://ibb.co/MnshwbT,Lawrence,Howard,"Raised in a small village full of large vegetables. Avid home cook, avid gardener. Ready to use up these treasures before they spoil."
29,vouchthole,dm91Y2h0aG9sZTp2b3VjaHRob2xl,vouchthole@example.com,ROLE_USER,1,1972-10-31,,https://ibb.co/Lz03rRp,Edward,Clark,I like beef.
30,adjustluxurious,YWRqdXN0bHV4dXJpb3VzOmFkanVzdGx1eHVyaW91cw==,adjustluxurious@example.com,ROLE_USER,1,1977-01-25,,https://ibb.co/fGWcRqN,Cheryl,Rogers,My sweet tooth means I'm here for dessert!
31,prickgrind,cHJpY2tncmluZDpwcmlja2dyaW5k,prickgrind@example.com,ROLE_USER,1,1963-06-18,,https://ibb.co/1KL0Qzq,Jose,Evans,We're makin' bacon!
32,frameworkmanner,ZnJhbWV3b3JrbWFubmVyOmZyYW1ld29ya21hbm5lcg==,frameworkmanner@example.com,ROLE_USER,1,1948-02-28,,https://ibb.co/MBXJ8hf,Steven,Taylor,"Raised in a small village full of large vegetables. Avid home cook, avid gardener. Ready to use up these treasures before they spoil."
33,pebblestadium,cGViYmxlc3RhZGl1bTpwZWJibGVzdGFkaXVt,pebblestadium@example.com,ROLE_USER,1,1937-09-09,,https://ibb.co/26vF75M,Patricia,Johnson,I like beef.
34,undermangoes,dW5kZXJtYW5nb2VzOnVuZGVybWFuZ29lcw==,undermangoes@example.com,ROLE_USER,1,1922-03-14,,https://ibb.co/pXsH7H3,Christopher,Hernandez,My sweet tooth means I'm here for dessert!
35,obtainablesexy,b2J0YWluYWJsZXNleHk6b2J0YWluYWJsZXNleHk=,obtainablesexy@example.com,ROLE_USER,1,1949-08-23,,https://ibb.co/Lp1QdNn,Jacqueline,Ortiz,We're makin' bacon!
36,chocolateulna,Y2hvY29sYXRldWxuYTpjaG9jb2xhdGV1bG5h,chocolateulna@example.com,ROLE_USER,1,1937-07-16,,https://ibb.co/xhMb78G,Amy,Young,"Raised in a small village full of large vegetables. Avid home cook, avid gardener. Ready to use up these treasures before they spoil."
37,pillstockings,cGlsbHN0b2NraW5nczpwaWxsc3RvY2tpbmdz,pillstockings@example.com,ROLE_USER,1,1954-10-28,,https://ibb.co/2yXTtwg,Jean,Cox,I like beef.
38,coalibis,Y29hbGliaXM6Y29hbGliaXM=,coalibis@example.com,ROLE_USER,1,1904-05-17,,https://ibb.co/YB9QVJ8,Robert,Johnson,My sweet tooth means I'm here for dessert!
39,actualclumsy,YWN0dWFsY2x1bXN5OmFjdHVhbGNsdW1zeQ==,actualclumsy@example.com,ROLE_USER,1,1990-12-13,,https://ibb.co/qrcNyNm,Isabella,Price,We're makin' bacon!
40,chickenperturbed,Y2hpY2tlbnBlcnR1cmJlZDpjaGlja2VucGVydHVyYmVk,chickenperturbed@example.com,ROLE_USER,1,1904-01-01,,https://ibb.co/86f3QCV,Noah,Morales,"Raised in a small village full of large vegetables. Avid home cook, avid gardener. Ready to use up these treasures before they spoil."
41,carrotstudent,Y2Fycm90c3R1ZGVudDpjYXJyb3RzdHVkZW50,carrotstudent@example.com,ROLE_USER,1,1917-12-08,,https://ibb.co/BTLKGGG,Joan,Stewart,I like beef.
42,intentquartering,aW50ZW50cXVhcnRlcmluZzppbnRlbnRxdWFydGVyaW5n,intentquartering@example.com,ROLE_USER,1,1968-08-24,,https://ibb.co/TcLbfLc,Kathryn,Ramos,My sweet tooth means I'm here for dessert!
43,plonkliar,cGxvbmtsaWFyOnBsb25rbGlhcg==,plonkliar@example.com,ROLE_USER,1,1976-09-04,,https://ibb.co/bgWcP7Y,Henry,Parker,We're makin' bacon!
44,scoldingwhether,c2NvbGRpbmd3aGV0aGVyOnNjb2xkaW5nd2hldGhlcg==,scoldingwhether@example.com,ROLE_USER,1,1945-10-06,,https://ibb.co/rfnSdjm,Jason,Ramirez,"Raised in a small village full of large vegetables. Avid home cook, avid gardener. Ready to use up these treasures before they spoil."
45,mustrichesse,bXVzdHJpY2hlc3NlOm11c3RyaWNoZXNzZQ==,mustrichesse@example.com,ROLE_USER,1,1944-08-28,,https://ibb.co/936yc2W,Adam,Turner,I like beef.
46,gappredict,Z2FwcHJlZGljdDpnYXBwcmVkaWN0,gappredict@example.com,ROLE_USER,1,1989-09-01,,https://ibb.co/PgP27B0,Jesse,Kim,My sweet tooth means I'm here for dessert!
47,veneratedpies,dmVuZXJhdGVkcGllczp2ZW5lcmF0ZWRwaWVz,veneratedpies@example.com,ROLE_USER,1,1989-05-05,,https://ibb.co/Vm9K0VB,Nicholas,Allen,We're makin' bacon!
48,technicianoracle,dGVjaG5pY2lhbm9yYWNsZTp0ZWNobmljaWFub3JhY2xl,technicianoracle@example.com,ROLE_USER,1,1957-07-07,,https://ibb.co/sPqWMG9,Roger,Gutierrez,"Raised in a small village full of large vegetables. Avid home cook, avid gardener. Ready to use up these treasures before they spoil."
49,strutfighting,c3RydXRmaWdodGluZzpzdHJ1dGZpZ2h0aW5n,strutfighting@example.com,ROLE_USER,1,2021-06-04,,https://ibb.co/Hhqvb3P,George,White,I like beef.
50,marbledscreech,bWFyYmxlZHNjcmVlY2g6bWFyYmxlZHNjcmVlY2g=,marbledscreech@example.com,ROLE_USER,1,1969-08-31,,https://ibb.co/qkxnVD8,Betty,Gonzales,My sweet tooth means I'm here for dessert!
51,smileyblotched,c21pbGV5YmxvdGNoZWQ6c21pbGV5YmxvdGNoZWQ=,smileyblotched@example.com,ROLE_USER,1,2015-12-17,,https://ibb.co/HKBCkqw,Russell,Myers,We're makin' bacon!
52,bowermuscle,Ym93ZXJtdXNjbGU6Ym93ZXJtdXNjbGU=,bowermuscle@example.com,ROLE_USER,1,1924-01-26,,https://ibb.co/p3N742S,Randy,Price,"Raised in a small village full of large vegetables. Avid home cook, avid gardener. Ready to use up these treasures before they spoil."
53,advisorcathead,YWR2aXNvcmNhdGhlYWQ6YWR2aXNvcmNhdGhlYWQ=,advisorcathead@example.com,ROLE_USER,1,1973-10-02,,https://ibb.co/gStcb8v,Debra,Baker,I like beef.